url_path,views_total,views_unique
/mevanlc/chromium-third_party-abseil-cpp/blob/main/CMake/README.md,1,1
/mevanlc/chromium-third_party-abseil-cpp/tree/main/CMake,1,1
/mevanlc/chromium-third_party-abseil-cpp/tree/main/absl/algorithm,1,1
/mevanlc/chromium-third_party-abseil-cpp/tree/main/absl/container,1,1
/mevanlc/chromium-third_party-abseil-cpp/tree/main/absl/crc,1,1
/mevanlc/chromium-third_party-abseil-cpp/tree/main/absl/hash,1,1
/mevanlc/chromium-third_party-abseil-cpp/tree/main/absl/log,1,1
/mevanlc/chromium-third_party-abseil-cpp/tree/main/absl/memory,1,1
/mevanlc/chromium-third_party-abseil-cpp/tree/main/absl/numeric,1,1
/mevanlc/chromium-third_party-abseil-cpp/tree/main/absl/profiling,1,1
